{"element":{"storeData":{"customerSearchData":[{"title":"上半年407只产品赚了50%以上，但六成私募是为了打榜！","value":342},{"title":"排排网名片震撼发布，六大赋能解决销售难题！","value":71},{"title":"排排网投资","value":67},{"title":"第四届中国FOF&MOM基金管理人年会（下）","value":54},{"title":"李春瑜","value":34}],"viewProductData":[{"title":"融智FOF5期","value":18},{"title":"排排圣为1号","value":7},{"title":"粤财信托-融智潮商组合宝1期","value":4},{"title":"融智MOM多策略精选1期","value":4},{"title":"融智FOF2期","value":3}],"customerTableData":[{"userId":"524290","byChatUser":"81","replyUser":"4","chatUser":"8","viewUser":"213","followUser":"7","byFollowUser":"0","likeUser":"1","name":"李春瑜"},{"userId":"525878","byChatUser":"81","replyUser":"3","chatUser":"11","viewUser":"200","followUser":"1","byFollowUser":"3","likeUser":"1","name":"张仲峪"},{"userId":"612404","byChatUser":"0","replyUser":"0","chatUser":"1","viewUser":"182","followUser":"0","byFollowUser":"0","likeUser":"0","name":"612404"},{"userId":"612685","byChatUser":"117","replyUser":"3","chatUser":"12","viewUser":"205","followUser":"1","byFollowUser":"31","likeUser":"1","name":"612685"},{"userId":"612827","byChatUser":"96","replyUser":"2","chatUser":"7","viewUser":"189","followUser":"2","byFollowUser":"1","likeUser":"1","name":"612827"}],"customerGraphData":{"dateHist":["2019-07-22","2019-07-23","2019-07-24","2019-07-25","2019-07-26","2019-07-27","2019-07-28"],"buckets":{"byChatUser":[109,88,112,66,0,0,0],"replyUser":[5,1,4,2,0,0,0],"chatUser":[9,9,8,13,0,0,0],"viewUser":[361,183,327,118,0,0,0],"followUser":[5,1,1,4,0,0,0],"byFollowUser":[9,3,20,3,0,0,0],"likeUser":[1,0,1,2,0,0,0]},"label":{"byChatUser":{"market":10.52,"self":375},"replyUser":{"market":0.48,"self":12},"chatUser":{"market":2.07,"self":39},"viewUser":{"market":120.06,"self":989},"followUser":{"market":0.25,"self":11},"byFollowUser":{"market":0.68,"self":35},"likeUser":{"market":0.1,"self":4}}},"searchTableData":[{"name":"公司详情","pc":22,"app":43},{"name":"产品详情","pc":19,"app":22},{"name":"经理详情","pc":4,"app":29}],"viewDetailGraphData":{"pc":127,"app":663},"startDate":"2019-07-22","endDate":"2019-07-28","userName":"于凯","companyName":"排排网投资","joinDate":147,"periodType":"week"},"type":"pdf","title":"报告","userId":489672,"format":"pdf","exportRouter":"https://fm-test.simuwang.com/pc/direct-sale/weekly-exports/index.html"},"wkParams":{"width":"353.35mm","height":"499.8mm"}}
